{
  "C3_std": {
    "mean": 0.41289174111325067,
    "std": 0.45189752071511446
  },
  "ECG_std": {
    "mean": 0.597969540642287,
    "std": 0.47290197874412004
  },
  "C3_max": {
    "mean": 0.9174460521593294,
    "std": 1.2021703426839228
  },
  "C3_min": {
    "mean": -0.7830306996831535,
    "std": 1.0009333819800403
  },
  "Cz_std": {
    "mean": 0.3866148820464962,
    "std": 0.48039665245288865
  },
  "P3_std": {
    "mean": 0.4314390439946183,
    "std": 0.48637834669232227
  },
  "P4_std": {
    "mean": 0.35969349505475307,
    "std": 0.4550861729755057
  },
  "P3_min": {
    "mean": -0.8265342904876808,
    "std": 1.0492202023038677
  },
  "Poz_min": {
    "mean": -0.8346671159803577,
    "std": 1.137811797743651
  },
  "F3_max": {
    "mean": 0.8193093596494699,
    "std": 1.0912190055480349
  },
  "ECG_max": {
    "mean": 1.6567430980242364,
    "std": 1.1436954212598613
  },
  "HR_mean": {
    "mean": -6.37784306596153e-05,
    "std": 0.44684835631141256
  }
}